規格書類別,主項目,子項目,內容說明
基礎操作,機台控制,控制方式,搖桿：8方向移動控制
基礎操作,機台控制,控制方式,攻擊鍵：發動攻擊
基礎操作,機台控制,控制方式,特殊鍵：變身功能
基礎操作,角色操作,移動系統,移動方向：搖桿控制8個方向移動
基礎操作,角色操作,移動系統,移動速度：根據角色狀態調整
基礎操作,角色操作,攻擊系統,攻擊判定：自動選擇距離內的敵人
基礎操作,角色操作,攻擊系統,攻擊距離：依攻擊方式不同而異
基礎操作,角色操作,攻擊系統,目標選擇：優先攻擊最近的敵人
基礎操作,角色操作,瞄準系統,自動鎖定：自動鎖定附近敵人
基礎操作,角色操作,瞄準系統,鎖定顯示：被鎖定的敵人會有標記
基礎操作,角色操作,瞄準系統,鎖定範圍：以角色為中心的圓形範圍
基礎操作,變身功能,加入遊戲,觸發條件：在待機區投幣
基礎操作,變身功能,加入遊戲,操作方式：投幣後按特殊鍵
基礎操作,變身功能,加入遊戲,效果：隨機變身角色進入遊戲
基礎操作,變身功能,角色切換,觸發條件：遊戲中撿到武器道具
基礎操作,變身功能,角色切換,操作方式：靠近武器時按特殊鍵
基礎操作,變身功能,角色切換,效果：依武器種類變身為對應角色
攻擊說明,衝刺攻擊,觸發條件,,距離敵人較遠時攻擊
攻擊說明,衝刺攻擊,攻擊方式,,衝向目標進行攻擊
攻擊說明,衝刺攻擊,命中上限,,無特殊限制
攻擊說明,衝刺攻擊,Credit消耗,,每次命中消耗1 Credit
攻擊說明,近戰攻擊,觸發條件,,距離敵人較近時攻擊
攻擊說明,近戰攻擊,攻擊方式,,近距離揮擊
攻擊說明,近戰攻擊,命中上限,,最多命中3個敵人
攻擊說明,近戰攻擊,Credit消耗,,每次命中消耗1 Credit
攻擊說明,招式攻擊,觸發條件,,使用招式1或招式2
攻擊說明,招式攻擊,攻擊方式,,招式1：最多命中6個敵人；招式2：最多命中9個敵人
攻擊說明,招式攻擊,Credit消耗,,每次命中消耗1 Credit
攻擊說明,坐騎攻擊,觸發條件,,騎乘狀態下攻擊
攻擊說明,坐騎攻擊,攻擊方式,,坐騎配合攻擊
攻擊說明,坐騎攻擊,命中效果,,範圍攻擊
攻擊說明,坐騎攻擊,Credit消耗,,每次命中消耗1 Credit
攻擊說明,合體攻擊,觸發條件,,多人同時觸發特殊條件
攻擊說明,合體攻擊,攻擊方式,,最多命中12個敵人
攻擊說明,合體攻擊,攻擊效果,,全畫面範圍攻擊
攻擊說明,合體攻擊,Credit消耗,,參與者每人消耗N個Credit
攻擊說明,Credit系統,統一消耗,,所有攻擊命中統一消耗1 Credit
攻擊說明,Credit系統,命中計算,,不論同時命中多少敵人只扣1 Credit
攻擊說明,Credit系統,合體例外,,合體攻擊每人消耗N個Credit
攻擊說明,Credit系統,Credit歸零,,無法使用任何攻擊
攻擊說明,Credit系統,恢復方式,,投幣續關
攻擊說明,招式循環,一般狀態,,招式1 → 招式2 → 招式1 → 招式2...
攻擊說明,招式循環,二段變身狀態,,只能使用絕技
攻擊說明,招式循環,二段變身狀態,,二段變身後命中4次自動發動
變身說明,進場變身,觸發條件,,角色在待機區時投幣
變身說明,進場變身,操作方式,,投幣後出現特殊鍵提示按鈕按下特殊鍵
變身說明,進場變身,角色選擇,,隨機選定變身角色
變身說明,進場變身,變身演出,,角色在待機區完成變身然後進場
變身說明,進場變身,結束條件,,Credit耗盡不續關
變身說明,武器變身,觸發條件,,遊戲途中出現武器時
變身說明,武器變身,操作方式,,靠近武器會出現特殊鍵提示按下特殊鍵變身
變身說明,武器變身,角色選擇,,變身角色根據武器種類決定
變身說明,武器變身,範例,,金箍棒 → 孫悟空；青龍偃月刀 → 關羽
變身說明,武器變身,變身演出,,角色高舉武器體發光變成另一名英雄
變身說明,武器變身,結束條件,,Credit耗盡不續關
變身說明,二段變身,觸發條件,,打敗怪物或擊中BOSS時累積「鬥魂」
變身說明,二段變身,操作方式,,鬥魂累積滿時出現特殊鍵提示按下特殊鍵變身
變身說明,二段變身,變身演出,,角色被特效纏繞身體瞬間放大
變身說明,二段變身,變身效果,,角色變大身上纏繞特效；無敵不受控場效果影響；近戰攻擊強化為更大範圍距離更遠；命中4次會施放絕技
變身說明,二段變身,結束條件,,10秒後自動解除
變身說明,合體變身,觸發條件,,觸發合體攻擊後
變身說明,合體變身,變身對象,,參與的角色會變成一隻千手觀音（暫定）
變身說明,合體變身,操作限制,,屬於表演玩家無法進行操控
變身說明,合體變身,變身演出,,每個角色變成光球在空中結合變出千手觀音
變身說明,合體變身,變身效果,,變身對象不會因參與人數而改變；人數越多角色會越大隻；人數越多特效也比較強
變身說明,合體變身,結束條件,,攻擊完後解除變身
關卡說明,三層設計概念,場景,,主題風格決定風景地貌敵人與物件的外觀
關卡說明,三層設計概念,關卡,,場景下的具體關卡1個場景由4個關卡構成
關卡說明,三層設計概念,區域,,關卡內的子區域
關卡說明,場景設計原則,場景數量,,預計4個場景
關卡說明,場景設計原則,融合主題,,每個場景融合三國+西遊各一個知名場景
關卡說明,場景設計,場景一,,虎牢關+火燄山
關卡說明,場景設計,場景二,,待定
關卡說明,場景設計,場景三,,待定
關卡說明,場景設計,場景四,,待定
關卡說明,關卡設計原則,關卡定義,,玩家實際遊玩的舞台
關卡說明,關卡設計原則,關卡數量,,每個場景包含4個關卡
關卡說明,關卡設計原則,關卡順序,,1234順序接續
關卡說明,關卡設計原則,地形差異,,每個關卡有不同的地形風貌
關卡說明,關卡設計原則,切換方式,,關卡之間透過畫面閃黑切換
關卡說明,關卡設計,第一關,,怪物強度：不高；戰鬥類型：單純的遭遇戰
關卡說明,關卡設計,第二關、第三關,,怪物強度：提升；戰鬥類型：開始有限時事件或小遊戲
關卡說明,關卡設計,第四關,,怪物強度：最高；戰鬥類型：以小BOSS戰收尾
關卡說明,區域設計原則,區域定義,,關卡內的子區域
關卡說明,區域設計原則,區域數量,,目前暫定3個區域
關卡說明,區域設計原則,切換方式,,區域間透過鏡頭平移切換
關卡說明,區域功能,變化機制,,透過遠景與物件的隨機擺設帶來變化
關卡說明,區域功能,遊戲體驗,,帶來清板動作「打倒敵人逐步推進」的體驗
戰鬥說明,遭遇戰,定義,,以波次進行的基礎戰鬥模式
戰鬥說明,遭遇戰,戰鬥設計,,每次1至2波1波設計成5幣內可打完
戰鬥說明,遭遇戰,獎勵機制,,完成獲得JP燈號或是累積JP彩金
戰鬥說明,遭遇戰,進度顯示,,波次進度以量條呈現不顯示真實數量方便做動態調整
戰鬥說明,遭遇戰,時間限制,,沒有時間限制打到結束為止
戰鬥說明,遭遇戰,其他特色,,每波間隔5秒給玩家投幣隨著關卡推進怪物會變得更多樣
戰鬥說明,限時事件,定義,,需要限時完成指定目標的特殊戰鬥
戰鬥說明,限時事件,戰鬥設計,,每個場景都有一個專屬的限時事件預計8幣內能完成
戰鬥說明,限時事件,獎勵機制,,完成事件會得到通關獎根據貢獻獲得彩票
戰鬥說明,限時事件,進度顯示,,完成進度統一用量條+文字說明表示
戰鬥說明,限時事件,時間限制,,限時1分鐘需在規定時間內完成
戰鬥說明,限時事件,其他特色,,事件類型包含「守護目標」「佔領據點」「擊倒物件」「奪取物品」根據觸發當下的人數決定難度人數越多獎勵越高即使失敗中途打怪也會有彩票
戰鬥說明,小BOSS戰,定義,,與強化BOSS進行的高難度戰鬥
戰鬥說明,小BOSS戰,戰鬥設計,,小BOSS有較多血量會定時施放3-4種範圍技預計30幣可完成
戰鬥說明,小BOSS戰,獎勵機制,,每次對BOSS造成傷害都有機會爆出彩票
戰鬥說明,小BOSS戰,進度顯示,,BOSS血量條顯示戰鬥進度
戰鬥說明,小BOSS戰,時間限制,,沒有限時但場上超過一定時間沒有玩家小BOSS就會退場轉為遭遇戰
戰鬥說明,小BOSS戰,其他特色,,當血被扣到50%以下時會有變身表演表演後招式得到強化例如：打呂布觸發呂布跟牛魔王合體呂布身上出現牛魔王的特徵
